date,issues,technical_debt_days,lines_of_code,line_coverage_pct,unit_tests
2026-01-01,,,,,
2026-01-02,,,,,
2026-01-03,,,,,
2026-01-04,,,,,
2026-01-05,12074,164.5583,389092,19.2,2997
2026-01-06,12074,164.5583,389092,19.2,2997
2026-01-07,12074,164.5583,389092,19.2,2997
2026-01-08,12074,164.5583,389092,19.2,2997
2026-01-09,12074,164.5583,389092,19.2,2997
2026-01-10,12074,164.5583,389092,19.2,2997
2026-01-11,12074,164.5583,389092,19.2,2997
2026-01-12,12074,164.5583,389092,19.2,2997
2026-01-13,12074,164.5583,389092,19.2,2997
2026-01-14,12074,164.5583,389092,19.2,2997
2026-01-15,12074,164.5583,389092,19.2,2997
2026-01-16,12074,164.5583,389092,19.2,2997
2026-01-17,12074,164.5583,389092,19.2,2997
2026-01-18,12074,164.5583,389092,19.2,2997
2026-01-19,12074,164.5583,389092,19.2,2997
2026-01-20,12074,164.5583,389092,19.2,2997
2026-01-21,12074,164.5583,389092,19.2,2997
2026-01-22,12074,164.5583,389092,19.2,2997
2026-01-23,12074,164.5583,389092,19.2,2997
2026-01-24,12074,164.5583,389092,19.2,2997
2026-01-25,12074,164.5583,389092,19.2,2997
2026-01-26,12074,164.5583,389092,19.2,2997
2026-01-27,12074,164.5583,389092,19.2,2997
2026-01-28,12074,164.5583,389092,19.2,2997
2026-01-29,12074,164.5583,389092,19.2,2997
2026-01-30,12074,164.5583,389092,19.2,2997
2026-01-31,12074,164.5583,389092,19.2,2997
2026-02-01,12074,164.5583,389092,19.2,2997
2026-02-02,12074,164.5583,389092,19.2,2997
2026-02-03,12074,164.5583,389092,19.2,2997
2026-02-04,12436,149.5521,379900,19.2,3000
2026-02-05,12436,149.5521,379900,19.2,3000
2026-02-06,12436,149.5521,379900,19.2,3000
2026-02-07,12436,149.5521,379900,19.2,3000
2026-02-08,12436,149.5521,379900,19.2,3000
2026-02-09,12436,149.5521,379900,19.2,3000
2026-02-10,12436,149.5521,379900,19.2,3000
2026-02-11,12436,149.5521,379900,19.2,3000
2026-02-12,12436,149.5521,379900,19.2,3000
2026-02-13,12436,149.5521,379900,19.2,3000
2026-02-14,12436,149.5521,379900,19.2,3000
2026-02-15,12436,149.5521,379900,19.2,3000
2026-02-16,12436,149.5521,379900,19.2,3000
2026-02-17,12436,149.5521,379900,19.2,3000
2026-02-18,12436,149.5521,379900,19.2,3000
2026-02-19,12436,149.5521,379900,19.2,3000
2026-02-20,12436,149.5521,379900,19.2,3000
2026-02-21,12436,149.5521,379900,19.2,3000
2026-02-22,12436,149.5521,379900,19.2,3000
2026-02-23,12436,149.5521,379900,19.2,3000
2026-02-24,12436,149.5521,379900,19.2,3000
2026-02-25,12436,149.5521,379900,19.2,3000
2026-02-26,12436,149.5521,379900,19.2,3000
2026-02-27,12436,149.5521,379900,19.2,3000
2026-02-28,12436,149.5521,379900,19.2,3000
2026-03-01,12436,149.5521,379900,19.2,3000
2026-03-02,12437,149.425,380251,19.3,3017
2026-03-03,12437,149.425,380251,19.3,3017
2026-03-04,12437,149.425,380251,19.3,3017
2026-03-05,12437,149.425,380251,19.3,3017
2026-03-06,12437,149.425,380251,19.3,3017
2026-03-07,12437,149.425,380251,19.3,3017
2026-03-08,12437,149.425,380251,19.3,3017
2026-03-09,12437,149.425,380251,19.3,3017
2026-03-10,12437,149.425,380251,19.3,3017
2026-03-11,12440,149.4521,380602,19.4,3082
2026-03-12,12440,149.4521,380602,19.4,3082
2026-03-13,12440,149.4521,380602,19.4,3082
2026-03-14,12440,149.4521,380602,19.4,3082
2026-03-15,12440,149.4521,380602,19.4,3082
2026-03-16,12340,147.3833,380679,19.4,3090
2026-03-17,12340,147.3833,380679,19.4,3090
2026-03-18,12340,147.3833,380679,19.4,3090
2026-03-19,12340,147.3833,380679,19.4,3090
2026-03-20,12340,147.3833,380679,19.4,3090
2026-03-21,12348,147.5,381104,19.4,3115
2026-03-22,12348,147.5,381104,19.4,3115
2026-03-23,12348,147.5062,381312,19.5,3125
2026-03-24,12348,147.5062,381312,19.5,3125
2026-03-25,12348,147.5062,381312,19.5,3125
2026-03-26,12348,147.5062,381312,19.5,3125
2026-03-27,12348,147.5062,381312,19.5,3125
2026-03-28,12348,147.5062,381312,19.5,3125
2026-03-29,12348,147.5062,381312,19.5,3125
2026-03-30,12348,147.5062,381312,19.5,3125
2026-03-31,12348,147.5062,381312,19.5,3125
