project_key,date,issues,technical_debt_days,lines_of_code,line_coverage_pct,unit_tests
Maps-Messaging_mapsmessaging_server,2026-01-01,760,11.7396,82844,46.6,
Maps-Messaging_mapsmessaging_server,2026-01-02,760,11.7396,82844,46.6,
Maps-Messaging_mapsmessaging_server,2026-01-03,760,11.7396,82844,46.6,
Maps-Messaging_mapsmessaging_server,2026-01-04,760,11.7396,82844,46.6,
Maps-Messaging_mapsmessaging_server,2026-01-05,760,11.7396,82844,46.6,
Maps-Messaging_mapsmessaging_server,2026-01-06,760,11.7396,82844,46.6,
Maps-Messaging_mapsmessaging_server,2026-01-07,760,11.7396,82844,46.6,
Maps-Messaging_mapsmessaging_server,2026-01-08,760,11.7396,82844,46.6,
Maps-Messaging_mapsmessaging_server,2026-01-09,760,11.7396,82844,46.6,
Maps-Messaging_mapsmessaging_server,2026-01-10,760,11.7396,82844,46.6,
Maps-Messaging_mapsmessaging_server,2026-01-11,760,11.7396,82844,46.6,
Maps-Messaging_mapsmessaging_server,2026-01-12,760,11.7396,82844,46.6,
Maps-Messaging_mapsmessaging_server,2026-01-13,760,11.7396,82844,46.6,
Maps-Messaging_mapsmessaging_server,2026-01-14,760,11.7396,82844,46.6,
Maps-Messaging_mapsmessaging_server,2026-01-15,760,11.7396,82844,46.6,
Maps-Messaging_mapsmessaging_server,2026-01-16,760,11.7396,82844,46.6,
Maps-Messaging_mapsmessaging_server,2026-01-17,760,11.7396,82844,46.6,
Maps-Messaging_mapsmessaging_server,2026-01-18,760,11.7396,82844,46.6,
Maps-Messaging_mapsmessaging_server,2026-01-19,760,11.7396,82844,46.6,
Maps-Messaging_mapsmessaging_server,2026-01-20,760,11.7396,82844,46.6,
Maps-Messaging_mapsmessaging_server,2026-01-21,760,11.7396,82844,46.6,
Maps-Messaging_mapsmessaging_server,2026-01-22,760,11.7396,82844,46.6,
Maps-Messaging_mapsmessaging_server,2026-01-23,760,11.7396,82844,46.6,
Maps-Messaging_mapsmessaging_server,2026-01-24,760,11.7396,82844,46.6,
Maps-Messaging_mapsmessaging_server,2026-01-25,760,11.7396,82844,46.6,
Maps-Messaging_mapsmessaging_server,2026-01-26,760,11.7396,82844,46.6,
Maps-Messaging_mapsmessaging_server,2026-01-27,760,11.7396,82844,46.6,
Maps-Messaging_mapsmessaging_server,2026-01-28,760,11.7396,82844,46.6,
Maps-Messaging_mapsmessaging_server,2026-01-29,760,11.7396,82844,46.6,
Maps-Messaging_mapsmessaging_server,2026-01-30,760,11.7396,82844,46.6,
Maps-Messaging_mapsmessaging_server,2026-01-31,760,11.7396,82844,46.6,
Maps-Messaging_mapsmessaging_server,2026-02-01,881,14.6125,91029,47.5,217
Maps-Messaging_mapsmessaging_server,2026-02-02,881,14.6125,91029,47.5,217
Maps-Messaging_mapsmessaging_server,2026-02-03,881,14.6125,91029,47.5,217
Maps-Messaging_mapsmessaging_server,2026-02-04,881,14.6125,91029,47.5,217
Maps-Messaging_mapsmessaging_server,2026-02-05,881,14.6125,91029,47.5,217
Maps-Messaging_mapsmessaging_server,2026-02-06,881,14.6125,91029,47.5,217
Maps-Messaging_mapsmessaging_server,2026-02-07,881,14.6125,91029,47.5,217
Maps-Messaging_mapsmessaging_server,2026-02-08,881,14.6125,91029,47.5,217
Maps-Messaging_mapsmessaging_server,2026-02-09,881,14.6125,91029,47.5,217
Maps-Messaging_mapsmessaging_server,2026-02-10,881,14.6125,91029,47.5,217
Maps-Messaging_mapsmessaging_server,2026-02-11,881,14.6125,91029,47.5,217
Maps-Messaging_mapsmessaging_server,2026-02-12,881,14.6125,91029,47.5,217
Maps-Messaging_mapsmessaging_server,2026-02-13,881,14.6125,91029,47.5,217
Maps-Messaging_mapsmessaging_server,2026-02-14,881,14.6125,91029,47.5,217
Maps-Messaging_mapsmessaging_server,2026-02-15,881,14.6125,91029,47.5,217
Maps-Messaging_mapsmessaging_server,2026-02-16,881,14.6125,91029,47.5,217
Maps-Messaging_mapsmessaging_server,2026-02-17,881,14.6125,91029,47.5,217
Maps-Messaging_mapsmessaging_server,2026-02-18,881,14.6125,91029,47.5,217
Maps-Messaging_mapsmessaging_server,2026-02-19,881,14.6125,91029,47.5,217
Maps-Messaging_mapsmessaging_server,2026-02-20,881,14.6125,91029,47.5,217
Maps-Messaging_mapsmessaging_server,2026-02-21,881,14.6125,91029,47.5,217
Maps-Messaging_mapsmessaging_server,2026-02-22,881,14.6125,91029,47.5,217
Maps-Messaging_mapsmessaging_server,2026-02-23,881,14.6125,91029,47.5,217
Maps-Messaging_mapsmessaging_server,2026-02-24,881,14.6125,91029,47.5,217
Maps-Messaging_mapsmessaging_server,2026-02-25,881,14.6125,91029,47.5,217
Maps-Messaging_mapsmessaging_server,2026-02-26,881,14.6125,91029,47.5,217
Maps-Messaging_mapsmessaging_server,2026-02-27,881,14.6125,91029,47.5,217
Maps-Messaging_mapsmessaging_server,2026-02-28,881,14.6125,91029,47.5,217
Maps-Messaging_mapsmessaging_server,2026-03-01,1036,16.8062,98913,55.3,226
Maps-Messaging_mapsmessaging_server,2026-03-02,1036,16.8062,98913,55.3,226
Maps-Messaging_mapsmessaging_server,2026-03-03,1036,16.8062,98913,55.3,226
Maps-Messaging_mapsmessaging_server,2026-03-04,1036,16.8062,98913,55.3,226
Maps-Messaging_mapsmessaging_server,2026-03-05,1036,16.8062,98913,55.3,226
Maps-Messaging_mapsmessaging_server,2026-03-06,1036,16.8062,98913,55.3,226
Maps-Messaging_mapsmessaging_server,2026-03-07,1036,16.8062,98913,55.3,226
Maps-Messaging_mapsmessaging_server,2026-03-08,1036,16.8062,98913,55.3,226
Maps-Messaging_mapsmessaging_server,2026-03-09,1036,16.8062,98913,55.3,226
Maps-Messaging_mapsmessaging_server,2026-03-10,1036,16.8062,98913,55.3,226
Maps-Messaging_mapsmessaging_server,2026-03-11,1036,16.8062,98913,55.3,226
Maps-Messaging_mapsmessaging_server,2026-03-12,1036,16.8062,98913,55.3,226
Maps-Messaging_mapsmessaging_server,2026-03-13,1036,16.8062,98913,55.3,226
Maps-Messaging_mapsmessaging_server,2026-03-14,1036,16.8062,98913,55.3,226
Maps-Messaging_mapsmessaging_server,2026-03-15,1036,16.8062,98913,55.3,226
Maps-Messaging_mapsmessaging_server,2026-03-16,1036,16.8062,98913,55.3,226
Maps-Messaging_mapsmessaging_server,2026-03-17,1036,16.8062,98913,55.3,226
Maps-Messaging_mapsmessaging_server,2026-03-18,1036,16.8062,98913,55.3,226
Maps-Messaging_mapsmessaging_server,2026-03-19,1036,16.8062,98913,55.3,226
Maps-Messaging_mapsmessaging_server,2026-03-20,1036,16.8062,98913,55.3,226
Maps-Messaging_mapsmessaging_server,2026-03-21,1036,16.8062,98913,55.3,226
Maps-Messaging_mapsmessaging_server,2026-03-22,1036,16.8062,98913,55.3,226
Maps-Messaging_mapsmessaging_server,2026-03-23,1036,16.8062,98913,55.3,226
Maps-Messaging_mapsmessaging_server,2026-03-24,1036,16.8062,98913,55.3,226
Maps-Messaging_mapsmessaging_server,2026-03-25,1036,16.8062,98913,55.3,226
Maps-Messaging_mapsmessaging_server,2026-03-26,1036,16.8062,98913,55.3,226
Maps-Messaging_mapsmessaging_server,2026-03-27,1036,16.8062,98913,55.3,226
Maps-Messaging_mapsmessaging_server,2026-03-28,1036,16.8062,98913,55.3,226
Maps-Messaging_mapsmessaging_server,2026-03-29,958,17.4896,100878,53.9,226
Maps-Messaging_mapsmessaging_server,2026-03-30,958,17.4896,100878,53.9,226
Maps-Messaging_mapsmessaging_server,2026-03-31,958,17.4896,100878,53.9,226
apache_kvrocks,2026-01-01,4052,64.2146,94596,63.4,
apache_kvrocks,2026-01-02,4052,64.2146,94596,63.4,
apache_kvrocks,2026-01-03,4052,64.2146,94596,63.4,
apache_kvrocks,2026-01-04,4052,64.2146,94596,63.4,
apache_kvrocks,2026-01-05,4052,64.2146,94596,63.4,
apache_kvrocks,2026-01-06,4052,64.2146,94596,63.4,
apache_kvrocks,2026-01-07,4052,64.2146,94596,63.4,
apache_kvrocks,2026-01-08,4052,64.2146,94596,63.4,
apache_kvrocks,2026-01-09,4052,64.2146,94596,63.4,
apache_kvrocks,2026-01-10,4052,64.2146,94596,63.4,
apache_kvrocks,2026-01-11,4052,64.2146,94596,63.4,
apache_kvrocks,2026-01-12,4052,64.2146,94596,63.4,
apache_kvrocks,2026-01-13,4052,64.2146,94596,63.4,
apache_kvrocks,2026-01-14,4052,64.2146,94596,63.4,
apache_kvrocks,2026-01-15,4052,64.2146,94596,63.4,
apache_kvrocks,2026-01-16,4052,64.2146,94596,63.4,
apache_kvrocks,2026-01-17,4052,64.2146,94596,63.4,
apache_kvrocks,2026-01-18,4052,64.2146,94596,63.4,
apache_kvrocks,2026-01-19,4052,64.2146,94596,63.4,
apache_kvrocks,2026-01-20,4052,64.2146,94596,63.4,
apache_kvrocks,2026-01-21,4052,64.2146,94596,63.4,
apache_kvrocks,2026-01-22,4052,64.2146,94596,63.4,
apache_kvrocks,2026-01-23,4052,64.2146,94596,63.4,
apache_kvrocks,2026-01-24,4052,64.2146,94596,63.4,
apache_kvrocks,2026-01-25,4052,64.2146,94596,63.4,
apache_kvrocks,2026-01-26,4052,64.2146,94596,63.4,
apache_kvrocks,2026-01-27,4052,64.2146,94596,63.4,
apache_kvrocks,2026-01-28,4052,64.2146,94596,63.4,
apache_kvrocks,2026-01-29,4052,64.2146,94596,63.4,
apache_kvrocks,2026-01-30,4052,64.2146,94596,63.4,
apache_kvrocks,2026-01-31,4052,64.2146,94596,63.4,
apache_kvrocks,2026-02-01,4052,64.2146,94596,63.4,
apache_kvrocks,2026-02-02,4052,64.2146,94596,63.4,
apache_kvrocks,2026-02-03,4051,64.3604,94956,63.6,
apache_kvrocks,2026-02-04,4051,64.3604,94956,63.6,
apache_kvrocks,2026-02-05,4051,64.3604,94956,63.6,
apache_kvrocks,2026-02-06,4051,64.3604,94956,63.6,
apache_kvrocks,2026-02-07,4051,64.3604,94956,63.6,
apache_kvrocks,2026-02-08,4051,64.3604,94956,63.6,
apache_kvrocks,2026-02-09,4051,64.3604,94956,63.6,
apache_kvrocks,2026-02-10,4051,64.3604,94956,63.6,
apache_kvrocks,2026-02-11,4051,64.3604,94956,63.6,
apache_kvrocks,2026-02-12,4051,64.3604,94956,63.6,
apache_kvrocks,2026-02-13,4051,64.3604,94956,63.6,
apache_kvrocks,2026-02-14,4051,64.3604,94956,63.6,
apache_kvrocks,2026-02-15,4051,64.3604,94956,63.6,
apache_kvrocks,2026-02-16,4051,64.3604,94956,63.6,
apache_kvrocks,2026-02-17,4051,64.3604,94956,63.6,
apache_kvrocks,2026-02-18,4051,64.3604,94956,63.6,
apache_kvrocks,2026-02-19,4051,64.3604,94956,63.6,
apache_kvrocks,2026-02-20,4051,64.3604,94956,63.6,
apache_kvrocks,2026-02-21,4051,64.3604,94956,63.6,
apache_kvrocks,2026-02-22,4051,64.3604,94956,63.6,
apache_kvrocks,2026-02-23,4051,64.3604,94956,63.6,
apache_kvrocks,2026-02-24,4051,64.3604,94956,63.6,
apache_kvrocks,2026-02-25,4051,64.3604,94956,63.6,
apache_kvrocks,2026-02-26,4051,64.3604,94956,63.6,
apache_kvrocks,2026-02-27,4051,64.3604,94956,63.6,
apache_kvrocks,2026-02-28,4051,64.3604,94956,63.6,
apache_kvrocks,2026-03-01,4051,64.3604,94956,63.6,
apache_kvrocks,2026-03-02,4051,64.3604,94956,63.6,
apache_kvrocks,2026-03-03,4051,64.3604,94956,63.6,
apache_kvrocks,2026-03-04,4051,64.3604,94956,63.6,
apache_kvrocks,2026-03-05,4067,64.725,95563,63.6,
apache_kvrocks,2026-03-06,4067,64.725,95563,63.6,
apache_kvrocks,2026-03-07,4067,64.725,95563,63.6,
apache_kvrocks,2026-03-08,4067,64.725,95563,63.6,
apache_kvrocks,2026-03-09,4067,64.725,95563,63.6,
apache_kvrocks,2026-03-10,4067,64.725,95563,63.6,
apache_kvrocks,2026-03-11,4067,64.725,95563,63.6,
apache_kvrocks,2026-03-12,4067,64.725,95563,63.6,
apache_kvrocks,2026-03-13,4067,64.725,95563,63.6,
apache_kvrocks,2026-03-14,4067,64.725,95563,63.6,
apache_kvrocks,2026-03-15,4067,64.725,95563,63.6,
apache_kvrocks,2026-03-16,4067,64.725,95563,63.6,
apache_kvrocks,2026-03-17,4067,64.725,95563,63.6,
apache_kvrocks,2026-03-18,4067,64.725,95563,63.6,
apache_kvrocks,2026-03-19,4067,64.725,95563,63.6,
apache_kvrocks,2026-03-20,4067,64.725,95563,63.6,
apache_kvrocks,2026-03-21,4067,64.725,95563,63.6,
apache_kvrocks,2026-03-22,4067,64.725,95563,63.6,
apache_kvrocks,2026-03-23,4067,64.725,95563,63.6,
apache_kvrocks,2026-03-24,4067,64.725,95563,63.6,
apache_kvrocks,2026-03-25,4067,64.725,95563,63.6,
apache_kvrocks,2026-03-26,4067,64.725,95563,63.6,
apache_kvrocks,2026-03-27,4067,64.725,95563,63.6,
apache_kvrocks,2026-03-28,4067,64.725,95563,63.6,
apache_kvrocks,2026-03-29,4067,64.725,95563,63.6,
apache_kvrocks,2026-03-30,4067,64.725,95563,63.6,
apache_kvrocks,2026-03-31,4067,64.725,95563,63.6,
aws_aws-sdk-java-v2,2026-01-01,,,,,
aws_aws-sdk-java-v2,2026-01-02,3832,53.0979,244417,72.7,13415
aws_aws-sdk-java-v2,2026-01-03,3832,53.0979,244417,72.7,13415
aws_aws-sdk-java-v2,2026-01-04,3832,53.0979,244417,72.7,13415
aws_aws-sdk-java-v2,2026-01-05,3832,53.0979,244411,72.7,13415
aws_aws-sdk-java-v2,2026-01-06,3832,53.0979,244411,72.7,13415
aws_aws-sdk-java-v2,2026-01-07,3832,53.0979,244411,72.7,13415
aws_aws-sdk-java-v2,2026-01-08,3832,53.0979,244411,72.7,13415
aws_aws-sdk-java-v2,2026-01-09,3833,53.1,244437,72.7,13416
aws_aws-sdk-java-v2,2026-01-10,3839,53.1333,244459,72.7,13419
aws_aws-sdk-java-v2,2026-01-11,3839,53.1333,244459,72.7,13419
aws_aws-sdk-java-v2,2026-01-12,3839,53.1333,244459,72.7,13419
aws_aws-sdk-java-v2,2026-01-13,3834,53.7604,244488,72.7,13440
aws_aws-sdk-java-v2,2026-01-14,3834,53.7604,244488,72.7,13440
aws_aws-sdk-java-v2,2026-01-15,3834,53.7604,244488,72.7,13440
aws_aws-sdk-java-v2,2026-01-16,3834,53.7604,244489,72.7,13440
aws_aws-sdk-java-v2,2026-01-17,3834,53.7604,244489,72.7,13440
aws_aws-sdk-java-v2,2026-01-18,3834,53.7604,244489,72.7,13440
aws_aws-sdk-java-v2,2026-01-19,3836,53.8042,244535,72.7,13446
aws_aws-sdk-java-v2,2026-01-20,3836,53.8042,244535,72.7,13446
aws_aws-sdk-java-v2,2026-01-21,3836,53.8042,244538,72.7,13446
aws_aws-sdk-java-v2,2026-01-22,3836,53.8042,244543,72.7,13446
aws_aws-sdk-java-v2,2026-01-23,3836,53.8042,244543,72.7,13446
aws_aws-sdk-java-v2,2026-01-24,3836,53.8042,244543,72.7,13446
aws_aws-sdk-java-v2,2026-01-25,3836,53.8042,244543,72.7,13446
aws_aws-sdk-java-v2,2026-01-26,3835,53.7938,244552,72.7,13455
aws_aws-sdk-java-v2,2026-01-27,3835,53.7938,244572,72.7,13455
aws_aws-sdk-java-v2,2026-01-28,3836,53.7917,244577,72.7,13463
aws_aws-sdk-java-v2,2026-01-29,3836,53.7917,244577,72.7,13463
aws_aws-sdk-java-v2,2026-01-30,3836,53.7917,244577,72.7,13463
aws_aws-sdk-java-v2,2026-01-31,3836,53.7917,244577,72.7,13463
aws_aws-sdk-java-v2,2026-02-01,3836,53.7917,244577,72.7,13463
aws_aws-sdk-java-v2,2026-02-02,3836,53.7917,244577,72.7,13463
aws_aws-sdk-java-v2,2026-02-03,3847,54.1063,244586,72.7,13464
aws_aws-sdk-java-v2,2026-02-04,3837,53.7938,244585,72.7,13464
aws_aws-sdk-java-v2,2026-02-05,3837,53.7938,244585,72.7,13464
aws_aws-sdk-java-v2,2026-02-06,3840,53.8167,244609,72.7,13464
aws_aws-sdk-java-v2,2026-02-07,3840,53.8167,244609,72.7,13464
aws_aws-sdk-java-v2,2026-02-08,3840,53.8167,244609,72.7,13464
aws_aws-sdk-java-v2,2026-02-09,3840,53.8167,244609,72.7,13464
aws_aws-sdk-java-v2,2026-02-10,3840,53.8167,244609,72.7,13464
aws_aws-sdk-java-v2,2026-02-11,3840,53.8167,244609,72.7,13464
aws_aws-sdk-java-v2,2026-02-12,3752,52.1854,244903,72.8,13536
aws_aws-sdk-java-v2,2026-02-13,3752,52.1854,244903,72.7,13536
aws_aws-sdk-java-v2,2026-02-14,3752,52.1854,244903,72.7,13536
aws_aws-sdk-java-v2,2026-02-15,3751,52.1437,244956,72.8,13536
aws_aws-sdk-java-v2,2026-02-16,3758,52.1958,245018,72.8,13556
aws_aws-sdk-java-v2,2026-02-17,3751,52.0292,244908,72.8,13556
aws_aws-sdk-java-v2,2026-02-18,3751,52.0292,244917,72.8,13557
aws_aws-sdk-java-v2,2026-02-19,3751,52.0292,244917,72.8,13557
aws_aws-sdk-java-v2,2026-02-20,3775,52.2333,245079,72.8,13612
aws_aws-sdk-java-v2,2026-02-21,3775,52.2333,245079,72.8,13612
aws_aws-sdk-java-v2,2026-02-22,3775,52.2333,245079,72.8,13612
aws_aws-sdk-java-v2,2026-02-23,3775,52.2333,245079,72.8,13612
aws_aws-sdk-java-v2,2026-02-24,3768,52.1771,245132,72.8,13612
aws_aws-sdk-java-v2,2026-02-25,3768,52.1771,245132,72.8,13612
aws_aws-sdk-java-v2,2026-02-26,3768,52.1771,245132,72.8,13612
aws_aws-sdk-java-v2,2026-02-27,3768,52.1771,245132,72.8,13612
aws_aws-sdk-java-v2,2026-02-28,3768,52.1771,245132,72.8,13612
aws_aws-sdk-java-v2,2026-03-01,3768,52.1771,245132,72.8,13612
aws_aws-sdk-java-v2,2026-03-02,3768,52.1771,245132,72.8,13612
aws_aws-sdk-java-v2,2026-03-03,3768,52.1771,245132,72.8,13612
aws_aws-sdk-java-v2,2026-03-04,3778,52.4896,245129,72.8,13612
aws_aws-sdk-java-v2,2026-03-05,3778,52.4896,245141,72.8,13612
aws_aws-sdk-java-v2,2026-03-06,3781,52.5208,245195,72.8,13628
aws_aws-sdk-java-v2,2026-03-07,3781,52.5208,245195,72.8,13628
aws_aws-sdk-java-v2,2026-03-08,3781,52.5208,245195,72.8,13628
aws_aws-sdk-java-v2,2026-03-09,3781,52.5208,245195,72.8,13628
aws_aws-sdk-java-v2,2026-03-10,3779,52.5208,245209,72.8,13632
aws_aws-sdk-java-v2,2026-03-11,3779,52.5208,245235,72.8,13632
aws_aws-sdk-java-v2,2026-03-12,3782,52.5646,245339,72.8,13646
aws_aws-sdk-java-v2,2026-03-13,3784,52.5854,245377,72.8,13682
aws_aws-sdk-java-v2,2026-03-14,3784,52.5854,245377,72.8,13682
aws_aws-sdk-java-v2,2026-03-15,3784,52.5854,245377,72.8,13682
aws_aws-sdk-java-v2,2026-03-16,3784,52.5854,245377,72.8,13682
aws_aws-sdk-java-v2,2026-03-17,3946,54.9062,245377,72.8,13682
aws_aws-sdk-java-v2,2026-03-18,3955,54.9625,245457,72.9,13686
aws_aws-sdk-java-v2,2026-03-19,3955,54.9625,245457,72.9,13686
aws_aws-sdk-java-v2,2026-03-20,3955,54.9625,245457,72.9,13686
aws_aws-sdk-java-v2,2026-03-21,3955,54.9625,245457,72.9,13686
aws_aws-sdk-java-v2,2026-03-22,3970,55.1167,245486,72.9,13693
aws_aws-sdk-java-v2,2026-03-23,3960,54.9917,245515,72.9,13693
aws_aws-sdk-java-v2,2026-03-24,3960,54.9917,245515,72.9,13693
aws_aws-sdk-java-v2,2026-03-25,3956,54.9937,245463,72.9,13691
aws_aws-sdk-java-v2,2026-03-26,3945,54.8687,245428,72.9,13688
aws_aws-sdk-java-v2,2026-03-27,3972,55.1604,245673,72.9,13711
aws_aws-sdk-java-v2,2026-03-28,4015,55.8167,248005,72.5,13855
aws_aws-sdk-java-v2,2026-03-29,4015,55.8167,248005,72.5,13855
aws_aws-sdk-java-v2,2026-03-30,3974,55.1646,245719,72.9,13718
aws_aws-sdk-java-v2,2026-03-31,3989,55.3021,245959,72.9,13729
bcgov-sonarcloud_mds_core-web,2026-01-01,,,,,
bcgov-sonarcloud_mds_core-web,2026-01-02,,,,,
bcgov-sonarcloud_mds_core-web,2026-01-03,,,,,
bcgov-sonarcloud_mds_core-web,2026-01-04,,,,,
bcgov-sonarcloud_mds_core-web,2026-01-05,,,,,
bcgov-sonarcloud_mds_core-web,2026-01-06,,,,,
bcgov-sonarcloud_mds_core-web,2026-01-07,,,,,
bcgov-sonarcloud_mds_core-web,2026-01-08,,,,,
bcgov-sonarcloud_mds_core-web,2026-01-09,832,11.4417,67267,61,751
bcgov-sonarcloud_mds_core-web,2026-01-10,832,11.4417,67267,61,751
bcgov-sonarcloud_mds_core-web,2026-01-11,832,11.4417,67267,61,751
bcgov-sonarcloud_mds_core-web,2026-01-12,832,11.4417,67267,61,751
bcgov-sonarcloud_mds_core-web,2026-01-13,832,11.4417,67267,61,751
bcgov-sonarcloud_mds_core-web,2026-01-14,832,11.4417,67267,61,751
bcgov-sonarcloud_mds_core-web,2026-01-15,832,11.4417,67267,61,751
bcgov-sonarcloud_mds_core-web,2026-01-16,832,11.4417,67267,61,751
bcgov-sonarcloud_mds_core-web,2026-01-17,832,11.4417,67267,61,751
bcgov-sonarcloud_mds_core-web,2026-01-18,832,11.4417,67267,61,751
bcgov-sonarcloud_mds_core-web,2026-01-19,832,11.4417,67267,61,751
bcgov-sonarcloud_mds_core-web,2026-01-20,832,11.4417,67267,61,751
bcgov-sonarcloud_mds_core-web,2026-01-21,832,11.4417,67267,61,751
bcgov-sonarcloud_mds_core-web,2026-01-22,832,11.4417,67267,61,751
bcgov-sonarcloud_mds_core-web,2026-01-23,832,11.4417,67267,61,751
bcgov-sonarcloud_mds_core-web,2026-01-24,832,11.4417,67267,61,751
bcgov-sonarcloud_mds_core-web,2026-01-25,832,11.4417,67267,61,751
bcgov-sonarcloud_mds_core-web,2026-01-26,832,11.4417,67267,61,751
bcgov-sonarcloud_mds_core-web,2026-01-27,832,11.4417,67267,61,751
bcgov-sonarcloud_mds_core-web,2026-01-28,832,11.4417,67267,61,751
bcgov-sonarcloud_mds_core-web,2026-01-29,832,11.4417,67267,61,751
bcgov-sonarcloud_mds_core-web,2026-01-30,832,11.4417,67267,61,751
bcgov-sonarcloud_mds_core-web,2026-01-31,832,11.4417,67267,61,751
bcgov-sonarcloud_mds_core-web,2026-02-01,832,11.4417,67267,61,751
bcgov-sonarcloud_mds_core-web,2026-02-02,832,11.4417,67267,61,751
bcgov-sonarcloud_mds_core-web,2026-02-03,832,11.4417,67267,61,751
bcgov-sonarcloud_mds_core-web,2026-02-04,832,11.4417,67267,61,751
bcgov-sonarcloud_mds_core-web,2026-02-05,857,11.625,69745,61.7,878
bcgov-sonarcloud_mds_core-web,2026-02-06,857,11.625,69745,61.7,878
bcgov-sonarcloud_mds_core-web,2026-02-07,857,11.625,69745,61.7,878
bcgov-sonarcloud_mds_core-web,2026-02-08,857,11.625,69745,61.7,878
bcgov-sonarcloud_mds_core-web,2026-02-09,857,11.625,69745,61.7,878
bcgov-sonarcloud_mds_core-web,2026-02-10,857,11.625,69745,61.7,878
bcgov-sonarcloud_mds_core-web,2026-02-11,857,11.625,69745,61.7,878
bcgov-sonarcloud_mds_core-web,2026-02-12,857,11.625,69745,61.7,878
bcgov-sonarcloud_mds_core-web,2026-02-13,857,11.625,69745,61.7,878
bcgov-sonarcloud_mds_core-web,2026-02-14,857,11.625,69745,61.7,878
bcgov-sonarcloud_mds_core-web,2026-02-15,857,11.625,69745,61.7,878
bcgov-sonarcloud_mds_core-web,2026-02-16,857,11.625,69745,61.7,878
bcgov-sonarcloud_mds_core-web,2026-02-17,857,11.625,69745,61.7,878
bcgov-sonarcloud_mds_core-web,2026-02-18,857,11.625,69745,61.7,878
bcgov-sonarcloud_mds_core-web,2026-02-19,857,11.625,69745,61.7,878
bcgov-sonarcloud_mds_core-web,2026-02-20,857,11.625,69745,61.7,878
bcgov-sonarcloud_mds_core-web,2026-02-21,857,11.625,69745,61.7,878
bcgov-sonarcloud_mds_core-web,2026-02-22,857,11.625,69745,61.7,878
bcgov-sonarcloud_mds_core-web,2026-02-23,857,11.625,69745,61.7,878
bcgov-sonarcloud_mds_core-web,2026-02-24,857,11.625,69745,61.7,878
bcgov-sonarcloud_mds_core-web,2026-02-25,857,11.625,69745,61.7,878
bcgov-sonarcloud_mds_core-web,2026-02-26,857,11.625,69745,61.7,878
bcgov-sonarcloud_mds_core-web,2026-02-27,857,11.625,69745,61.7,878
bcgov-sonarcloud_mds_core-web,2026-02-28,857,11.625,69745,61.7,878
bcgov-sonarcloud_mds_core-web,2026-03-01,857,11.625,69745,61.7,878
bcgov-sonarcloud_mds_core-web,2026-03-02,857,11.625,69745,61.7,878
bcgov-sonarcloud_mds_core-web,2026-03-03,857,11.625,69745,61.7,878
bcgov-sonarcloud_mds_core-web,2026-03-04,857,11.625,69745,61.7,878
bcgov-sonarcloud_mds_core-web,2026-03-05,862,11.6771,69857,61.7,882
bcgov-sonarcloud_mds_core-web,2026-03-06,862,11.6771,69857,61.7,882
bcgov-sonarcloud_mds_core-web,2026-03-07,862,11.6771,69857,61.7,882
bcgov-sonarcloud_mds_core-web,2026-03-08,862,11.6771,69857,61.7,882
bcgov-sonarcloud_mds_core-web,2026-03-09,862,11.6771,69857,61.7,882
bcgov-sonarcloud_mds_core-web,2026-03-10,862,11.6771,69857,61.7,882
bcgov-sonarcloud_mds_core-web,2026-03-11,862,11.6771,69857,61.7,882
bcgov-sonarcloud_mds_core-web,2026-03-12,862,11.6771,69857,61.7,882
bcgov-sonarcloud_mds_core-web,2026-03-13,862,11.6771,69857,61.7,882
bcgov-sonarcloud_mds_core-web,2026-03-14,862,11.6771,69857,61.7,882
bcgov-sonarcloud_mds_core-web,2026-03-15,862,11.6771,69857,61.7,882
bcgov-sonarcloud_mds_core-web,2026-03-16,862,11.6771,69857,61.7,882
bcgov-sonarcloud_mds_core-web,2026-03-17,862,11.6771,69857,61.7,882
bcgov-sonarcloud_mds_core-web,2026-03-18,862,11.6771,69857,61.7,882
bcgov-sonarcloud_mds_core-web,2026-03-19,862,11.6771,69857,61.7,882
bcgov-sonarcloud_mds_core-web,2026-03-20,862,11.6771,69857,61.7,882
bcgov-sonarcloud_mds_core-web,2026-03-21,862,11.6771,69857,61.7,882
bcgov-sonarcloud_mds_core-web,2026-03-22,862,11.6771,69857,61.7,882
bcgov-sonarcloud_mds_core-web,2026-03-23,862,11.6771,69857,61.7,882
bcgov-sonarcloud_mds_core-web,2026-03-24,862,11.6771,69857,61.7,882
bcgov-sonarcloud_mds_core-web,2026-03-25,862,11.6771,69857,61.7,882
bcgov-sonarcloud_mds_core-web,2026-03-26,862,11.6771,69857,61.7,882
bcgov-sonarcloud_mds_core-web,2026-03-27,862,11.6771,69857,61.7,882
bcgov-sonarcloud_mds_core-web,2026-03-28,862,11.6771,69857,61.7,882
bcgov-sonarcloud_mds_core-web,2026-03-29,862,11.6771,69857,61.7,882
bcgov-sonarcloud_mds_core-web,2026-03-30,809,11.4,70165,61.8,890
bcgov-sonarcloud_mds_core-web,2026-03-31,809,11.4,70165,61.8,890
element-web,2026-01-01,,,,,
element-web,2026-01-02,,,,,
element-web,2026-01-03,,,,,
element-web,2026-01-04,,,,,
element-web,2026-01-05,,,,,
element-web,2026-01-06,,,,,
element-web,2026-01-07,,,,,
element-web,2026-01-08,,,,,
element-web,2026-01-09,,,,,
element-web,2026-01-10,,,,,
element-web,2026-01-11,,,,,
element-web,2026-01-12,,,,,
element-web,2026-01-13,,,,,
element-web,2026-01-14,,,,,
element-web,2026-01-15,,,,,
element-web,2026-01-16,,,,,
element-web,2026-01-17,,,,,
element-web,2026-01-18,,,,,
element-web,2026-01-19,,,,,
element-web,2026-01-20,,,,,
element-web,2026-01-21,,,,,
element-web,2026-01-22,,,,,
element-web,2026-01-23,,,,,
element-web,2026-01-24,,,,,
element-web,2026-01-25,,,,,
element-web,2026-01-26,,,,,
element-web,2026-01-27,4736,41.1521,307818,70.3,155
element-web,2026-01-28,4736,41.1521,307818,70.3,155
element-web,2026-01-29,4736,41.1521,307818,70.3,155
element-web,2026-01-30,4736,41.1521,307818,70.3,155
element-web,2026-01-31,4736,41.1521,307818,70.3,155
element-web,2026-02-01,4736,41.1521,307818,70.3,155
element-web,2026-02-02,4736,41.1521,307818,70.3,155
element-web,2026-02-03,4736,41.1521,307818,70.3,155
element-web,2026-02-04,4736,41.1521,307818,70.3,155
element-web,2026-02-05,4736,41.1521,307818,70.3,155
element-web,2026-02-06,4736,41.1521,307818,70.3,155
element-web,2026-02-07,4736,41.1521,307818,70.3,155
element-web,2026-02-08,4736,41.1521,307818,70.3,155
element-web,2026-02-09,4736,41.1521,307818,70.3,155
element-web,2026-02-10,4725,40.1708,309015,70.5,289
element-web,2026-02-11,4725,40.1708,309015,70.5,289
element-web,2026-02-12,4725,40.1708,309015,70.5,289
element-web,2026-02-13,4725,40.1708,309015,70.5,289
element-web,2026-02-14,4725,40.1708,309015,70.5,289
element-web,2026-02-15,4725,40.1708,309015,70.5,289
element-web,2026-02-16,4725,40.1708,309015,70.5,289
element-web,2026-02-17,101,0.3646,154006,70.6,305
element-web,2026-02-18,101,0.3646,154006,70.6,305
element-web,2026-02-19,101,0.3646,154006,70.6,305
element-web,2026-02-20,101,0.3646,154006,70.6,305
element-web,2026-02-21,101,0.3646,154006,70.6,305
element-web,2026-02-22,101,0.3646,154006,70.6,305
element-web,2026-02-23,101,0.3646,154006,70.6,305
element-web,2026-02-24,4735,40.0187,309035,70.6,305
element-web,2026-02-25,4740,39.9583,309396,70.8,338
element-web,2026-02-26,4740,39.9583,309396,70.8,338
element-web,2026-02-27,4740,39.9583,309396,70.8,338
element-web,2026-02-28,4740,39.9583,309396,70.8,338
element-web,2026-03-01,4740,39.9583,309396,70.8,338
element-web,2026-03-02,4730,39.8229,310234,70.8,356
element-web,2026-03-03,4730,39.8229,310234,70.8,356
element-web,2026-03-04,4730,39.8229,310234,70.8,356
element-web,2026-03-05,4730,39.8229,310234,70.8,356
element-web,2026-03-06,4730,39.8229,310234,70.8,356
element-web,2026-03-07,4730,39.8229,310234,70.8,356
element-web,2026-03-08,4730,39.8229,310234,70.8,356
element-web,2026-03-09,4730,39.8229,310234,70.8,356
element-web,2026-03-10,4730,39.8229,310234,70.8,356
element-web,2026-03-11,4730,39.8229,310234,70.8,356
element-web,2026-03-12,4730,39.8229,310234,70.8,356
element-web,2026-03-13,4730,39.8229,310234,70.8,356
element-web,2026-03-14,4730,39.8229,310234,70.8,356
element-web,2026-03-15,4730,39.8229,310234,70.8,356
element-web,2026-03-16,4730,39.8229,310234,70.8,356
element-web,2026-03-17,4730,39.8229,310234,70.8,356
element-web,2026-03-18,4730,39.8229,310234,70.8,356
element-web,2026-03-19,4730,39.8229,310234,70.8,356
element-web,2026-03-20,4730,39.8229,310234,70.8,356
element-web,2026-03-21,4730,39.8229,310234,70.8,356
element-web,2026-03-22,4730,39.8229,310234,70.8,356
element-web,2026-03-23,4730,39.8229,310234,70.8,356
element-web,2026-03-24,4730,39.8229,310234,70.8,356
element-web,2026-03-25,4730,39.8229,310234,70.8,356
element-web,2026-03-26,4730,39.8229,310234,70.8,356
element-web,2026-03-27,6353,49.6521,467814,70.2,534
element-web,2026-03-28,6353,49.6521,467814,70.2,534
element-web,2026-03-29,6353,49.6521,467807,70.2,534
element-web,2026-03-30,6353,49.6521,467807,70.2,534
element-web,2026-03-31,6353,49.6521,467807,70.2,534
geoserver_geoserver-cloud,2026-01-01,,,,,
geoserver_geoserver-cloud,2026-01-02,,,,,
geoserver_geoserver-cloud,2026-01-03,,,,,
geoserver_geoserver-cloud,2026-01-04,,,,,
geoserver_geoserver-cloud,2026-01-05,,,,,
geoserver_geoserver-cloud,2026-01-06,,,,,
geoserver_geoserver-cloud,2026-01-07,,,,,
geoserver_geoserver-cloud,2026-01-08,,,,,
geoserver_geoserver-cloud,2026-01-09,,,,,
geoserver_geoserver-cloud,2026-01-10,,,,,
geoserver_geoserver-cloud,2026-01-11,,,,,
geoserver_geoserver-cloud,2026-01-12,,,,,
geoserver_geoserver-cloud,2026-01-13,,,,,
geoserver_geoserver-cloud,2026-01-14,,,,,
geoserver_geoserver-cloud,2026-01-15,,,,,
geoserver_geoserver-cloud,2026-01-16,,,,,
geoserver_geoserver-cloud,2026-01-17,,,,,
geoserver_geoserver-cloud,2026-01-18,,,,,
geoserver_geoserver-cloud,2026-01-19,,,,,
geoserver_geoserver-cloud,2026-01-20,,,,,
geoserver_geoserver-cloud,2026-01-21,,,,,
geoserver_geoserver-cloud,2026-01-22,,,,,
geoserver_geoserver-cloud,2026-01-23,,,,,
geoserver_geoserver-cloud,2026-01-24,,,,,
geoserver_geoserver-cloud,2026-01-25,,,,,
geoserver_geoserver-cloud,2026-01-26,,,,,
geoserver_geoserver-cloud,2026-01-27,,,,,
geoserver_geoserver-cloud,2026-01-28,1,0,48214,61.5,1930
geoserver_geoserver-cloud,2026-01-29,1,0,48214,61.5,1930
geoserver_geoserver-cloud,2026-01-30,1,0,48214,61.5,1930
geoserver_geoserver-cloud,2026-01-31,1,0,48214,61.5,1930
geoserver_geoserver-cloud,2026-02-01,1,0,48214,61.5,1930
geoserver_geoserver-cloud,2026-02-02,1,0,48214,61.5,1930
geoserver_geoserver-cloud,2026-02-03,1,0,48214,61.5,1930
geoserver_geoserver-cloud,2026-02-04,1,0,48214,61.5,1930
geoserver_geoserver-cloud,2026-02-05,1,0,48214,61.5,1930
geoserver_geoserver-cloud,2026-02-06,1,0,48214,61.5,1930
geoserver_geoserver-cloud,2026-02-07,1,0,48214,61.5,1930
geoserver_geoserver-cloud,2026-02-08,1,0,48214,61.5,1930
geoserver_geoserver-cloud,2026-02-09,1,0,48214,61.5,1930
geoserver_geoserver-cloud,2026-02-10,1,0,48214,61.5,1930
geoserver_geoserver-cloud,2026-02-11,1,0,48214,61.5,1930
geoserver_geoserver-cloud,2026-02-12,1,0,48214,61.5,1930
geoserver_geoserver-cloud,2026-02-13,1,0,48214,61.5,1930
geoserver_geoserver-cloud,2026-02-14,1,0,48214,61.5,1930
geoserver_geoserver-cloud,2026-02-15,1,0,48214,61.5,1930
geoserver_geoserver-cloud,2026-02-16,1,0,48214,61.5,1930
geoserver_geoserver-cloud,2026-02-17,1,0,48214,61.5,1930
geoserver_geoserver-cloud,2026-02-18,1,0,48214,61.5,1930
geoserver_geoserver-cloud,2026-02-19,1,0,48214,61.5,1930
geoserver_geoserver-cloud,2026-02-20,1,0,48214,61.5,1930
geoserver_geoserver-cloud,2026-02-21,1,0,48214,61.5,1930
geoserver_geoserver-cloud,2026-02-22,1,0,48214,61.5,1930
geoserver_geoserver-cloud,2026-02-23,1,0,48214,61.5,1930
geoserver_geoserver-cloud,2026-02-24,1,0,48214,61.5,1930
geoserver_geoserver-cloud,2026-02-25,1,0,48214,61.5,1930
geoserver_geoserver-cloud,2026-02-26,1,0,48214,61.5,1930
geoserver_geoserver-cloud,2026-02-27,2,0.0042,46587,62.2,1887
geoserver_geoserver-cloud,2026-02-28,2,0.0042,46587,62.2,1887
geoserver_geoserver-cloud,2026-03-01,2,0.0042,46587,62.2,1887
geoserver_geoserver-cloud,2026-03-02,3,0.0083,46632,62.1,1938
geoserver_geoserver-cloud,2026-03-03,3,0.0083,46632,62.1,1938
geoserver_geoserver-cloud,2026-03-04,3,0.0083,46632,62.1,1938
geoserver_geoserver-cloud,2026-03-05,3,0.0083,46632,62.1,1938
geoserver_geoserver-cloud,2026-03-06,3,0.0083,46632,62.1,1938
geoserver_geoserver-cloud,2026-03-07,3,0.0083,46632,62.1,1938
geoserver_geoserver-cloud,2026-03-08,3,0.0083,46632,62.1,1938
geoserver_geoserver-cloud,2026-03-09,3,0.0083,46632,62.1,1938
geoserver_geoserver-cloud,2026-03-10,3,0.0083,46632,62.1,1938
geoserver_geoserver-cloud,2026-03-11,3,0.0083,46632,62.1,1938
geoserver_geoserver-cloud,2026-03-12,3,0.0083,46632,62.1,1938
geoserver_geoserver-cloud,2026-03-13,3,0.0083,46632,62.1,1938
geoserver_geoserver-cloud,2026-03-14,3,0.0083,46632,62.1,1938
geoserver_geoserver-cloud,2026-03-15,3,0.0083,46632,62.1,1938
geoserver_geoserver-cloud,2026-03-16,3,0.0083,46632,62.1,1938
geoserver_geoserver-cloud,2026-03-17,3,0.0083,46632,62.1,1938
geoserver_geoserver-cloud,2026-03-18,3,0.0083,46632,62.1,1938
geoserver_geoserver-cloud,2026-03-19,3,0.0083,46632,62.1,1938
geoserver_geoserver-cloud,2026-03-20,3,0.0083,46632,62.1,1938
geoserver_geoserver-cloud,2026-03-21,3,0.0083,46632,62.1,1938
geoserver_geoserver-cloud,2026-03-22,3,0.0083,46632,62.1,1938
geoserver_geoserver-cloud,2026-03-23,3,0.0083,46632,62.1,1938
geoserver_geoserver-cloud,2026-03-24,3,0.0083,46632,62.1,1938
geoserver_geoserver-cloud,2026-03-25,3,0.0083,46632,62.1,1938
geoserver_geoserver-cloud,2026-03-26,3,0.0083,46632,62.1,1938
geoserver_geoserver-cloud,2026-03-27,3,0.0083,46632,62.1,1938
geoserver_geoserver-cloud,2026-03-28,3,0.0083,46632,62.1,1938
geoserver_geoserver-cloud,2026-03-29,3,0.0083,46632,62.1,1938
geoserver_geoserver-cloud,2026-03-30,7,0.0229,46209,62.6,1946
geoserver_geoserver-cloud,2026-03-31,7,0.0229,46209,62.6,1946
googleapis_gapic-generator-java,2026-01-01,,,,,
googleapis_gapic-generator-java,2026-01-02,,,,,
googleapis_gapic-generator-java,2026-01-03,,,,,
googleapis_gapic-generator-java,2026-01-04,,,,,
googleapis_gapic-generator-java,2026-01-05,12074,164.5583,389092,19.2,2997
googleapis_gapic-generator-java,2026-01-06,12074,164.5583,389092,19.2,2997
googleapis_gapic-generator-java,2026-01-07,12074,164.5583,389092,19.2,2997
googleapis_gapic-generator-java,2026-01-08,12074,164.5583,389092,19.2,2997
googleapis_gapic-generator-java,2026-01-09,12074,164.5583,389092,19.2,2997
googleapis_gapic-generator-java,2026-01-10,12074,164.5583,389092,19.2,2997
googleapis_gapic-generator-java,2026-01-11,12074,164.5583,389092,19.2,2997
googleapis_gapic-generator-java,2026-01-12,12074,164.5583,389092,19.2,2997
googleapis_gapic-generator-java,2026-01-13,12074,164.5583,389092,19.2,2997
googleapis_gapic-generator-java,2026-01-14,12074,164.5583,389092,19.2,2997
googleapis_gapic-generator-java,2026-01-15,12074,164.5583,389092,19.2,2997
googleapis_gapic-generator-java,2026-01-16,12074,164.5583,389092,19.2,2997
googleapis_gapic-generator-java,2026-01-17,12074,164.5583,389092,19.2,2997
googleapis_gapic-generator-java,2026-01-18,12074,164.5583,389092,19.2,2997
googleapis_gapic-generator-java,2026-01-19,12074,164.5583,389092,19.2,2997
googleapis_gapic-generator-java,2026-01-20,12074,164.5583,389092,19.2,2997
googleapis_gapic-generator-java,2026-01-21,12074,164.5583,389092,19.2,2997
googleapis_gapic-generator-java,2026-01-22,12074,164.5583,389092,19.2,2997
googleapis_gapic-generator-java,2026-01-23,12074,164.5583,389092,19.2,2997
googleapis_gapic-generator-java,2026-01-24,12074,164.5583,389092,19.2,2997
googleapis_gapic-generator-java,2026-01-25,12074,164.5583,389092,19.2,2997
googleapis_gapic-generator-java,2026-01-26,12074,164.5583,389092,19.2,2997
googleapis_gapic-generator-java,2026-01-27,12074,164.5583,389092,19.2,2997
googleapis_gapic-generator-java,2026-01-28,12074,164.5583,389092,19.2,2997
googleapis_gapic-generator-java,2026-01-29,12074,164.5583,389092,19.2,2997
googleapis_gapic-generator-java,2026-01-30,12074,164.5583,389092,19.2,2997
googleapis_gapic-generator-java,2026-01-31,12074,164.5583,389092,19.2,2997
googleapis_gapic-generator-java,2026-02-01,12074,164.5583,389092,19.2,2997
googleapis_gapic-generator-java,2026-02-02,12074,164.5583,389092,19.2,2997
googleapis_gapic-generator-java,2026-02-03,12074,164.5583,389092,19.2,2997
googleapis_gapic-generator-java,2026-02-04,12436,149.5521,379900,19.2,3000
googleapis_gapic-generator-java,2026-02-05,12436,149.5521,379900,19.2,3000
googleapis_gapic-generator-java,2026-02-06,12436,149.5521,379900,19.2,3000
googleapis_gapic-generator-java,2026-02-07,12436,149.5521,379900,19.2,3000
googleapis_gapic-generator-java,2026-02-08,12436,149.5521,379900,19.2,3000
googleapis_gapic-generator-java,2026-02-09,12436,149.5521,379900,19.2,3000
googleapis_gapic-generator-java,2026-02-10,12436,149.5521,379900,19.2,3000
googleapis_gapic-generator-java,2026-02-11,12436,149.5521,379900,19.2,3000
googleapis_gapic-generator-java,2026-02-12,12436,149.5521,379900,19.2,3000
googleapis_gapic-generator-java,2026-02-13,12436,149.5521,379900,19.2,3000
googleapis_gapic-generator-java,2026-02-14,12436,149.5521,379900,19.2,3000
googleapis_gapic-generator-java,2026-02-15,12436,149.5521,379900,19.2,3000
googleapis_gapic-generator-java,2026-02-16,12436,149.5521,379900,19.2,3000
googleapis_gapic-generator-java,2026-02-17,12436,149.5521,379900,19.2,3000
googleapis_gapic-generator-java,2026-02-18,12436,149.5521,379900,19.2,3000
googleapis_gapic-generator-java,2026-02-19,12436,149.5521,379900,19.2,3000
googleapis_gapic-generator-java,2026-02-20,12436,149.5521,379900,19.2,3000
googleapis_gapic-generator-java,2026-02-21,12436,149.5521,379900,19.2,3000
googleapis_gapic-generator-java,2026-02-22,12436,149.5521,379900,19.2,3000
googleapis_gapic-generator-java,2026-02-23,12436,149.5521,379900,19.2,3000
googleapis_gapic-generator-java,2026-02-24,12436,149.5521,379900,19.2,3000
googleapis_gapic-generator-java,2026-02-25,12436,149.5521,379900,19.2,3000
googleapis_gapic-generator-java,2026-02-26,12436,149.5521,379900,19.2,3000
googleapis_gapic-generator-java,2026-02-27,12436,149.5521,379900,19.2,3000
googleapis_gapic-generator-java,2026-02-28,12436,149.5521,379900,19.2,3000
googleapis_gapic-generator-java,2026-03-01,12436,149.5521,379900,19.2,3000
googleapis_gapic-generator-java,2026-03-02,12437,149.425,380251,19.3,3017
googleapis_gapic-generator-java,2026-03-03,12437,149.425,380251,19.3,3017
googleapis_gapic-generator-java,2026-03-04,12437,149.425,380251,19.3,3017
googleapis_gapic-generator-java,2026-03-05,12437,149.425,380251,19.3,3017
googleapis_gapic-generator-java,2026-03-06,12437,149.425,380251,19.3,3017
googleapis_gapic-generator-java,2026-03-07,12437,149.425,380251,19.3,3017
googleapis_gapic-generator-java,2026-03-08,12437,149.425,380251,19.3,3017
googleapis_gapic-generator-java,2026-03-09,12437,149.425,380251,19.3,3017
googleapis_gapic-generator-java,2026-03-10,12437,149.425,380251,19.3,3017
googleapis_gapic-generator-java,2026-03-11,12440,149.4521,380602,19.4,3082
googleapis_gapic-generator-java,2026-03-12,12440,149.4521,380602,19.4,3082
googleapis_gapic-generator-java,2026-03-13,12440,149.4521,380602,19.4,3082
googleapis_gapic-generator-java,2026-03-14,12440,149.4521,380602,19.4,3082
googleapis_gapic-generator-java,2026-03-15,12440,149.4521,380602,19.4,3082
googleapis_gapic-generator-java,2026-03-16,12340,147.3833,380679,19.4,3090
googleapis_gapic-generator-java,2026-03-17,12340,147.3833,380679,19.4,3090
googleapis_gapic-generator-java,2026-03-18,12340,147.3833,380679,19.4,3090
googleapis_gapic-generator-java,2026-03-19,12340,147.3833,380679,19.4,3090
googleapis_gapic-generator-java,2026-03-20,12340,147.3833,380679,19.4,3090
googleapis_gapic-generator-java,2026-03-21,12348,147.5,381104,19.4,3115
googleapis_gapic-generator-java,2026-03-22,12348,147.5,381104,19.4,3115
googleapis_gapic-generator-java,2026-03-23,12348,147.5062,381312,19.5,3125
googleapis_gapic-generator-java,2026-03-24,12348,147.5062,381312,19.5,3125
googleapis_gapic-generator-java,2026-03-25,12348,147.5062,381312,19.5,3125
googleapis_gapic-generator-java,2026-03-26,12348,147.5062,381312,19.5,3125
googleapis_gapic-generator-java,2026-03-27,12348,147.5062,381312,19.5,3125
googleapis_gapic-generator-java,2026-03-28,12348,147.5062,381312,19.5,3125
googleapis_gapic-generator-java,2026-03-29,12348,147.5062,381312,19.5,3125
googleapis_gapic-generator-java,2026-03-30,12348,147.5062,381312,19.5,3125
googleapis_gapic-generator-java,2026-03-31,12348,147.5062,381312,19.5,3125
indigo-iam_iam,2026-01-01,,,,,
indigo-iam_iam,2026-01-02,,,,,
indigo-iam_iam,2026-01-03,,,,,
indigo-iam_iam,2026-01-04,,,,,
indigo-iam_iam,2026-01-05,,,,,
indigo-iam_iam,2026-01-06,,,,,
indigo-iam_iam,2026-01-07,,,,,
indigo-iam_iam,2026-01-08,,,,,
indigo-iam_iam,2026-01-09,,,,,
indigo-iam_iam,2026-01-10,,,,,
indigo-iam_iam,2026-01-11,,,,,
indigo-iam_iam,2026-01-12,,,,,
indigo-iam_iam,2026-01-13,,,,,
indigo-iam_iam,2026-01-14,,,,,
indigo-iam_iam,2026-01-15,,,,,
indigo-iam_iam,2026-01-16,944,9.9396,53397,85.6,2147
indigo-iam_iam,2026-01-17,944,9.9396,53397,85.6,2147
indigo-iam_iam,2026-01-18,944,9.9396,53397,85.6,2147
indigo-iam_iam,2026-01-19,944,9.9396,53397,85.6,2147
indigo-iam_iam,2026-01-20,944,9.9396,53397,85.6,2147
indigo-iam_iam,2026-01-21,944,9.9396,53397,85.6,2147
indigo-iam_iam,2026-01-22,944,9.9396,53397,85.6,2147
indigo-iam_iam,2026-01-23,944,9.9396,53397,85.6,2147
indigo-iam_iam,2026-01-24,944,9.9396,53397,85.6,2147
indigo-iam_iam,2026-01-25,944,9.9396,53397,85.6,2147
indigo-iam_iam,2026-01-26,944,9.9396,53397,85.6,2147
indigo-iam_iam,2026-01-27,944,9.9396,53397,85.6,2147
indigo-iam_iam,2026-01-28,944,9.9396,53397,85.6,2147
indigo-iam_iam,2026-01-29,944,9.9396,53397,85.6,2147
indigo-iam_iam,2026-01-30,944,9.9396,53397,85.6,2147
indigo-iam_iam,2026-01-31,944,9.9396,53397,85.6,2147
indigo-iam_iam,2026-02-01,944,9.9396,53397,85.6,2147
indigo-iam_iam,2026-02-02,944,9.9396,53397,85.6,2147
indigo-iam_iam,2026-02-03,944,9.9396,53397,85.6,2147
indigo-iam_iam,2026-02-04,944,9.9396,53397,85.6,2147
indigo-iam_iam,2026-02-05,944,9.9396,53397,85.6,2147
indigo-iam_iam,2026-02-06,944,9.9396,53397,85.6,2147
indigo-iam_iam,2026-02-07,944,9.9396,53397,85.6,2147
indigo-iam_iam,2026-02-08,944,9.9396,53397,85.6,2147
indigo-iam_iam,2026-02-09,944,9.9396,53397,85.6,2147
indigo-iam_iam,2026-02-10,944,9.9396,53397,85.6,2147
indigo-iam_iam,2026-02-11,944,9.9396,53397,85.6,2147
indigo-iam_iam,2026-02-12,951,9.9896,53537,85.7,2215
indigo-iam_iam,2026-02-13,951,9.9896,53537,85.7,2215
indigo-iam_iam,2026-02-14,951,9.9896,53537,85.7,2215
indigo-iam_iam,2026-02-15,951,9.9896,53537,85.7,2215
indigo-iam_iam,2026-02-16,951,9.9896,53537,85.7,2215
indigo-iam_iam,2026-02-17,951,9.9896,53537,85.7,2215
indigo-iam_iam,2026-02-18,951,9.9896,53537,85.7,2215
indigo-iam_iam,2026-02-19,951,9.9896,53537,85.7,2215
indigo-iam_iam,2026-02-20,951,9.9896,53537,85.7,2215
indigo-iam_iam,2026-02-21,951,9.9896,53537,85.7,2215
indigo-iam_iam,2026-02-22,951,9.9896,53537,85.7,2215
indigo-iam_iam,2026-02-23,951,9.9896,53537,85.7,2215
indigo-iam_iam,2026-02-24,951,9.9896,53537,85.7,2215
indigo-iam_iam,2026-02-25,951,9.9896,53537,85.7,2215
indigo-iam_iam,2026-02-26,951,9.9896,53537,85.7,2215
indigo-iam_iam,2026-02-27,951,9.9896,53537,85.7,2215
indigo-iam_iam,2026-02-28,951,9.9896,53537,85.7,2215
indigo-iam_iam,2026-03-01,951,9.9896,53537,85.7,2215
indigo-iam_iam,2026-03-02,951,9.9896,53537,85.7,2215
indigo-iam_iam,2026-03-03,951,9.9896,53537,85.7,2215
indigo-iam_iam,2026-03-04,951,9.9896,53537,85.7,2215
indigo-iam_iam,2026-03-05,951,9.9896,53537,85.7,2215
indigo-iam_iam,2026-03-06,951,9.9896,53537,85.7,2215
indigo-iam_iam,2026-03-07,951,9.9896,53537,85.7,2215
indigo-iam_iam,2026-03-08,951,9.9896,53537,85.7,2215
indigo-iam_iam,2026-03-09,951,9.9896,53537,85.7,2215
indigo-iam_iam,2026-03-10,951,9.9896,53537,85.7,2215
indigo-iam_iam,2026-03-11,951,9.9896,53537,85.7,2215
indigo-iam_iam,2026-03-12,951,9.9896,53537,85.7,2215
indigo-iam_iam,2026-03-13,951,9.9896,53537,85.7,2215
indigo-iam_iam,2026-03-14,951,9.9896,53537,85.7,2215
indigo-iam_iam,2026-03-15,951,9.9896,53537,85.7,2215
indigo-iam_iam,2026-03-16,951,9.9896,53537,85.7,2215
indigo-iam_iam,2026-03-17,951,9.9896,53537,85.7,2215
indigo-iam_iam,2026-03-18,951,9.9896,53537,85.7,2215
indigo-iam_iam,2026-03-19,951,9.9896,53537,85.7,2215
indigo-iam_iam,2026-03-20,951,9.9896,53537,85.7,2215
indigo-iam_iam,2026-03-21,951,9.9896,53537,85.7,2215
indigo-iam_iam,2026-03-22,951,9.9896,53537,85.7,2215
indigo-iam_iam,2026-03-23,951,9.9896,53537,85.7,2215
indigo-iam_iam,2026-03-24,951,9.9896,53537,85.7,2215
indigo-iam_iam,2026-03-25,850,9.3521,55454,86.1,2321
indigo-iam_iam,2026-03-26,850,9.3521,55454,86.1,2321
indigo-iam_iam,2026-03-27,850,9.3521,55454,86.1,2321
indigo-iam_iam,2026-03-28,850,9.3521,55454,86.1,2321
indigo-iam_iam,2026-03-29,850,9.3521,55454,86.1,2321
indigo-iam_iam,2026-03-30,850,9.3521,55454,86.1,2321
indigo-iam_iam,2026-03-31,850,9.3521,55454,86.1,2321
mediawiki-core,2026-01-01,747,18.7188,582378,13.6,18632
mediawiki-core,2026-01-02,747,18.7188,582378,13.6,18632
mediawiki-core,2026-01-03,747,18.7188,582378,13.6,18632
mediawiki-core,2026-01-04,747,18.7188,582378,13.6,18632
mediawiki-core,2026-01-05,747,18.7188,582378,13.6,18632
mediawiki-core,2026-01-06,747,18.7188,582378,13.6,18632
mediawiki-core,2026-01-07,747,18.7188,582378,13.6,18632
mediawiki-core,2026-01-08,747,18.7188,582378,13.6,18632
mediawiki-core,2026-01-09,747,18.7188,582378,13.6,18632
mediawiki-core,2026-01-10,747,18.7188,582378,13.6,18632
mediawiki-core,2026-01-11,747,18.7188,582378,13.6,18632
mediawiki-core,2026-01-12,747,18.7188,582378,13.6,18632
mediawiki-core,2026-01-13,747,18.7188,582378,13.6,18632
mediawiki-core,2026-01-14,747,18.7188,582378,13.6,18632
mediawiki-core,2026-01-15,747,18.7188,582378,13.6,18632
mediawiki-core,2026-01-16,747,18.7188,582378,13.6,18632
mediawiki-core,2026-01-17,747,18.7188,582378,13.6,18632
mediawiki-core,2026-01-18,747,18.7188,582378,13.6,18632
mediawiki-core,2026-01-19,747,18.7188,582378,13.6,18632
mediawiki-core,2026-01-20,747,18.7188,582378,13.6,18632
mediawiki-core,2026-01-21,747,18.7188,582378,13.6,18632
mediawiki-core,2026-01-22,747,18.7188,582378,13.6,18632
mediawiki-core,2026-01-23,747,18.7188,582378,13.6,18632
mediawiki-core,2026-01-24,747,18.7188,582378,13.6,18632
mediawiki-core,2026-01-25,747,18.7188,582378,13.6,18632
mediawiki-core,2026-01-26,747,18.7188,582378,13.6,18632
mediawiki-core,2026-01-27,747,18.7188,582378,13.6,18632
mediawiki-core,2026-01-28,747,18.7188,582378,13.6,18632
mediawiki-core,2026-01-29,747,18.7188,582378,13.6,18632
mediawiki-core,2026-01-30,747,18.7188,582378,13.6,18632
mediawiki-core,2026-01-31,747,18.7188,582378,13.6,18632
mediawiki-core,2026-02-01,747,18.7188,582378,13.6,18632
mediawiki-core,2026-02-02,3529,192.5813,507176,13.6,18673
mediawiki-core,2026-02-03,3529,192.5813,507176,13.6,18673
mediawiki-core,2026-02-04,3529,192.5813,507176,13.6,18673
mediawiki-core,2026-02-05,3529,192.5813,507176,13.6,18673
mediawiki-core,2026-02-06,3529,192.5813,507176,13.6,18673
mediawiki-core,2026-02-07,3529,192.5813,507176,13.6,18673
mediawiki-core,2026-02-08,3529,192.5813,507176,13.6,18673
mediawiki-core,2026-02-09,3529,192.5813,507176,13.6,18673
mediawiki-core,2026-02-10,3529,192.5813,507176,13.6,18673
mediawiki-core,2026-02-11,3529,192.5813,507176,13.6,18673
mediawiki-core,2026-02-12,3529,192.5813,507176,13.6,18673
mediawiki-core,2026-02-13,3529,192.5813,507176,13.6,18673
mediawiki-core,2026-02-14,3529,192.5813,507176,13.6,18673
mediawiki-core,2026-02-15,3529,192.5813,507176,13.6,18673
mediawiki-core,2026-02-16,3529,192.5813,507176,13.6,18673
mediawiki-core,2026-02-17,3529,192.5813,507176,13.6,18673
mediawiki-core,2026-02-18,3529,192.5813,507176,13.6,18673
mediawiki-core,2026-02-19,3529,192.5813,507176,13.6,18673
mediawiki-core,2026-02-20,3529,192.5813,507176,13.6,18673
mediawiki-core,2026-02-21,3529,192.5813,507176,13.6,18673
mediawiki-core,2026-02-22,3529,192.5813,507176,13.6,18673
mediawiki-core,2026-02-23,3529,192.5813,507176,13.6,18673
mediawiki-core,2026-02-24,3529,192.5813,507176,13.6,18673
mediawiki-core,2026-02-25,3529,192.5813,507176,13.6,18673
mediawiki-core,2026-02-26,3529,192.5813,507176,13.6,18673
mediawiki-core,2026-02-27,3529,192.5813,507176,13.6,18673
mediawiki-core,2026-02-28,3529,192.5813,507176,13.6,18673
mediawiki-core,2026-03-01,3593,193.7104,508485,13.7,17984
mediawiki-core,2026-03-02,3593,193.7104,508485,13.7,17984
mediawiki-core,2026-03-03,3593,193.7104,508485,13.7,17984
mediawiki-core,2026-03-04,3593,193.7104,508485,13.7,17984
mediawiki-core,2026-03-05,3593,193.7104,508485,13.7,17984
mediawiki-core,2026-03-06,3593,193.7104,508485,13.7,17984
mediawiki-core,2026-03-07,3593,193.7104,508485,13.7,17984
mediawiki-core,2026-03-08,3593,193.7104,508485,13.7,17984
mediawiki-core,2026-03-09,3593,193.7104,508485,13.7,17984
mediawiki-core,2026-03-10,3593,193.7104,508485,13.7,17984
mediawiki-core,2026-03-11,3593,193.7104,508485,13.7,17984
mediawiki-core,2026-03-12,3593,193.7104,508485,13.7,17984
mediawiki-core,2026-03-13,3593,193.7104,508485,13.7,17984
mediawiki-core,2026-03-14,3593,193.7104,508485,13.7,17984
mediawiki-core,2026-03-15,3593,193.7104,508485,13.7,17984
mediawiki-core,2026-03-16,3593,193.7104,508485,13.7,17984
mediawiki-core,2026-03-17,3593,193.7104,508485,13.7,17984
mediawiki-core,2026-03-18,3593,193.7104,508485,13.7,17984
mediawiki-core,2026-03-19,3593,193.7104,508485,13.7,17984
mediawiki-core,2026-03-20,3593,193.7104,508485,13.7,17984
mediawiki-core,2026-03-21,3593,193.7104,508485,13.7,17984
mediawiki-core,2026-03-22,3593,193.7104,508485,13.7,17984
mediawiki-core,2026-03-23,3593,193.7104,508485,13.7,17984
mediawiki-core,2026-03-24,3593,193.7104,508485,13.7,17984
mediawiki-core,2026-03-25,3593,193.7104,508485,13.7,17984
mediawiki-core,2026-03-26,3593,193.7104,508485,13.7,17984
mediawiki-core,2026-03-27,3593,193.7104,508485,13.7,17984
mediawiki-core,2026-03-28,3593,193.7104,508485,13.7,17984
mediawiki-core,2026-03-29,3593,193.7104,508485,13.7,17984
mediawiki-core,2026-03-30,3878,211.0167,509853,13.7,18027
mediawiki-core,2026-03-31,3878,211.0167,509853,13.7,18027
org.opengrok:opengrok-top,2026-01-01,,,,,
org.opengrok:opengrok-top,2026-01-02,,,,,
org.opengrok:opengrok-top,2026-01-03,,,,,
org.opengrok:opengrok-top,2026-01-04,,,,,
org.opengrok:opengrok-top,2026-01-05,1049,17.7417,64458,71.4,1519
org.opengrok:opengrok-top,2026-01-06,1049,17.7417,64458,71.4,1519
org.opengrok:opengrok-top,2026-01-07,1049,17.7417,64462,71.4,1522
org.opengrok:opengrok-top,2026-01-08,1049,17.7417,64462,71.4,1522
org.opengrok:opengrok-top,2026-01-09,1049,17.7417,64462,71.4,1522
org.opengrok:opengrok-top,2026-01-10,1049,17.7417,64462,71.4,1522
org.opengrok:opengrok-top,2026-01-11,1049,17.7417,64462,71.4,1522
org.opengrok:opengrok-top,2026-01-12,1049,17.7417,64462,71.4,1522
org.opengrok:opengrok-top,2026-01-13,1049,17.7417,64462,71.4,1522
org.opengrok:opengrok-top,2026-01-14,1049,17.7417,64462,71.4,1522
org.opengrok:opengrok-top,2026-01-15,1049,17.7417,64462,71.4,1522
org.opengrok:opengrok-top,2026-01-16,1049,17.7417,64462,71.4,1522
org.opengrok:opengrok-top,2026-01-17,1049,17.7417,64462,71.4,1522
org.opengrok:opengrok-top,2026-01-18,1049,17.7417,64462,71.4,1522
org.opengrok:opengrok-top,2026-01-19,1049,17.7417,64462,71.4,1522
org.opengrok:opengrok-top,2026-01-20,1055,17.8354,64463,71.5,1523
org.opengrok:opengrok-top,2026-01-21,1055,17.8354,64463,71.5,1521
org.opengrok:opengrok-top,2026-01-22,1055,17.8354,64476,71.4,1524
org.opengrok:opengrok-top,2026-01-23,1055,17.8354,64476,71.1,1517
org.opengrok:opengrok-top,2026-01-24,1055,17.8354,64476,71.1,1517
org.opengrok:opengrok-top,2026-01-25,1055,17.8354,64476,71.1,1517
org.opengrok:opengrok-top,2026-01-26,1055,17.8354,64476,71.1,1517
org.opengrok:opengrok-top,2026-01-27,1055,17.8354,64476,71.1,1517
org.opengrok:opengrok-top,2026-01-28,1055,17.8354,64476,71.1,1517
org.opengrok:opengrok-top,2026-01-29,1055,17.8354,64476,71.1,1517
org.opengrok:opengrok-top,2026-01-30,1055,17.8354,64476,71.1,1517
org.opengrok:opengrok-top,2026-01-31,1055,17.8354,64476,71.1,1517
org.opengrok:opengrok-top,2026-02-01,1055,17.8354,64476,71.1,1517
org.opengrok:opengrok-top,2026-02-02,1055,17.8354,64476,71.1,1517
org.opengrok:opengrok-top,2026-02-03,1055,17.8354,64476,71.1,1517
org.opengrok:opengrok-top,2026-02-04,1055,17.8354,64476,71.1,1517
org.opengrok:opengrok-top,2026-02-05,1057,17.8562,64487,71.4,1523
org.opengrok:opengrok-top,2026-02-06,1057,17.8562,64487,71.4,1523
org.opengrok:opengrok-top,2026-02-07,1057,17.8562,64487,71.4,1523
org.opengrok:opengrok-top,2026-02-08,1057,17.8562,64487,71.4,1523
org.opengrok:opengrok-top,2026-02-09,1057,17.8562,64487,71.4,1523
org.opengrok:opengrok-top,2026-02-10,1057,17.8562,64487,71.4,1523
org.opengrok:opengrok-top,2026-02-11,1057,17.8562,64487,71.4,1523
org.opengrok:opengrok-top,2026-02-12,1057,17.8562,64487,71.4,1523
org.opengrok:opengrok-top,2026-02-13,1057,17.8562,64487,71.4,1523
org.opengrok:opengrok-top,2026-02-14,1057,17.8562,64487,71.4,1523
org.opengrok:opengrok-top,2026-02-15,1057,17.8562,64487,71.4,1523
org.opengrok:opengrok-top,2026-02-16,1057,17.8562,64487,71.4,1523
org.opengrok:opengrok-top,2026-02-17,1057,17.8562,64487,71.4,1523
org.opengrok:opengrok-top,2026-02-18,1057,17.8562,64487,71.4,1523
org.opengrok:opengrok-top,2026-02-19,1057,17.8562,64487,71.4,1523
org.opengrok:opengrok-top,2026-02-20,1057,17.8562,64487,71.4,1523
org.opengrok:opengrok-top,2026-02-21,1057,17.8562,64487,71.4,1523
org.opengrok:opengrok-top,2026-02-22,1057,17.8562,64487,71.4,1523
org.opengrok:opengrok-top,2026-02-23,1057,17.8562,64487,71.4,1523
org.opengrok:opengrok-top,2026-02-24,1057,17.8562,64487,71.4,1523
org.opengrok:opengrok-top,2026-02-25,1057,17.8562,64487,71.4,1523
org.opengrok:opengrok-top,2026-02-26,1057,17.8562,64487,71.4,1523
org.opengrok:opengrok-top,2026-02-27,1057,17.8562,64487,71.4,1523
org.opengrok:opengrok-top,2026-02-28,1057,17.8562,64487,71.4,1523
org.opengrok:opengrok-top,2026-03-01,1054,17.8521,64487,71.1,1518
org.opengrok:opengrok-top,2026-03-02,1054,17.8521,64487,71.1,1518
org.opengrok:opengrok-top,2026-03-03,1054,17.8521,64487,71.1,1518
org.opengrok:opengrok-top,2026-03-04,1054,17.8521,64487,71.1,1518
org.opengrok:opengrok-top,2026-03-05,1054,17.8521,64487,71.1,1518
org.opengrok:opengrok-top,2026-03-06,1054,17.8521,64487,71.1,1518
org.opengrok:opengrok-top,2026-03-07,1054,17.8521,64487,71.1,1518
org.opengrok:opengrok-top,2026-03-08,1054,17.8521,64487,71.1,1518
org.opengrok:opengrok-top,2026-03-09,1054,17.8521,64487,71.1,1518
org.opengrok:opengrok-top,2026-03-10,1054,17.8521,64487,71.1,1518
org.opengrok:opengrok-top,2026-03-11,1054,17.8521,64487,71.1,1518
org.opengrok:opengrok-top,2026-03-12,1054,17.8521,64487,71.1,1518
org.opengrok:opengrok-top,2026-03-13,1054,17.8521,64487,71.1,1518
org.opengrok:opengrok-top,2026-03-14,1054,17.8521,64487,71.1,1518
org.opengrok:opengrok-top,2026-03-15,1054,17.8521,64487,71.1,1518
org.opengrok:opengrok-top,2026-03-16,1054,17.8521,64487,71.1,1518
org.opengrok:opengrok-top,2026-03-17,1054,17.8521,64487,71.1,1518
org.opengrok:opengrok-top,2026-03-18,1054,17.8521,64487,71.1,1518
org.opengrok:opengrok-top,2026-03-19,1054,17.8521,64487,71.1,1518
org.opengrok:opengrok-top,2026-03-20,1054,17.8521,64487,71.1,1518
org.opengrok:opengrok-top,2026-03-21,1054,17.8521,64487,71.1,1518
org.opengrok:opengrok-top,2026-03-22,1054,17.8521,64487,71.1,1518
org.opengrok:opengrok-top,2026-03-23,1054,17.8521,64487,71.1,1518
org.opengrok:opengrok-top,2026-03-24,1054,17.8521,64487,71.1,1518
org.opengrok:opengrok-top,2026-03-25,1054,17.8521,64487,71.1,1518
org.opengrok:opengrok-top,2026-03-26,1054,17.8521,64487,71.1,1518
org.opengrok:opengrok-top,2026-03-27,1054,17.8521,64487,71.1,1518
org.opengrok:opengrok-top,2026-03-28,1054,17.8521,64487,71.1,1518
org.opengrok:opengrok-top,2026-03-29,1054,17.8521,64444,71.1,1519
org.opengrok:opengrok-top,2026-03-30,1054,17.8521,64444,71.1,1519
org.opengrok:opengrok-top,2026-03-31,1054,17.8521,64444,71.1,1519
mpieniak01_Venom,2026-01-01,,,,,
mpieniak01_Venom,2026-01-02,,,,,
mpieniak01_Venom,2026-01-03,,,,,
mpieniak01_Venom,2026-01-04,,,,,
mpieniak01_Venom,2026-01-05,,,,,
mpieniak01_Venom,2026-01-06,,,,,
mpieniak01_Venom,2026-01-07,,,,,
mpieniak01_Venom,2026-01-08,,,,,
mpieniak01_Venom,2026-01-09,,,,,
mpieniak01_Venom,2026-01-10,,,,,
mpieniak01_Venom,2026-01-11,,,,,
mpieniak01_Venom,2026-01-12,,,,,
mpieniak01_Venom,2026-01-13,,,,,
mpieniak01_Venom,2026-01-14,,,,,
mpieniak01_Venom,2026-01-15,,,,,
mpieniak01_Venom,2026-01-16,,,,,
mpieniak01_Venom,2026-01-17,,,,,
mpieniak01_Venom,2026-01-18,,,,,
mpieniak01_Venom,2026-01-19,,,,,
mpieniak01_Venom,2026-01-20,,,,,
mpieniak01_Venom,2026-01-21,,,,,
mpieniak01_Venom,2026-01-22,,,,,
mpieniak01_Venom,2026-01-23,,,,,
mpieniak01_Venom,2026-01-24,,,,,
mpieniak01_Venom,2026-01-25,,,,,
mpieniak01_Venom,2026-01-26,,,,,
mpieniak01_Venom,2026-01-27,,,,,
mpieniak01_Venom,2026-01-28,,,,,
mpieniak01_Venom,2026-01-29,,,,,
mpieniak01_Venom,2026-01-30,,,,,
mpieniak01_Venom,2026-01-31,,,,,
mpieniak01_Venom,2026-02-01,,,,,
mpieniak01_Venom,2026-02-02,,,,,
mpieniak01_Venom,2026-02-03,,,,,
mpieniak01_Venom,2026-02-04,,,,,
mpieniak01_Venom,2026-02-05,,,,,
mpieniak01_Venom,2026-02-06,1650,18.9708,104950,,
mpieniak01_Venom,2026-02-07,1650,18.9708,104950,,
mpieniak01_Venom,2026-02-08,1650,18.9708,104950,,
mpieniak01_Venom,2026-02-09,1650,18.9708,104950,,
mpieniak01_Venom,2026-02-10,267,2.6104,75403,68.7,1391
mpieniak01_Venom,2026-02-11,267,2.6104,75403,68.7,1391
mpieniak01_Venom,2026-02-12,267,2.6104,75403,68.7,1391
mpieniak01_Venom,2026-02-13,79,0.6604,80637,74.3,1947
mpieniak01_Venom,2026-02-14,162,1.8313,90105,59,1205
mpieniak01_Venom,2026-02-15,162,1.8313,90105,59,1205
mpieniak01_Venom,2026-02-16,162,1.8313,90105,59,1205
mpieniak01_Venom,2026-02-17,162,1.8313,90105,59,1205
mpieniak01_Venom,2026-02-18,162,1.8313,90105,59,1205
mpieniak01_Venom,2026-02-19,162,1.8313,90105,59,1205
mpieniak01_Venom,2026-02-20,162,1.8313,90105,59,1205
mpieniak01_Venom,2026-02-21,162,1.8313,90105,59,1205
mpieniak01_Venom,2026-02-22,79,0.8208,101943,54.9,1247
mpieniak01_Venom,2026-02-23,79,0.8208,101943,54.9,1247
mpieniak01_Venom,2026-02-24,79,0.8208,101943,54.9,1247
mpieniak01_Venom,2026-02-25,79,0.8208,101943,54.9,1247
mpieniak01_Venom,2026-02-26,79,0.8208,101943,54.9,1247
mpieniak01_Venom,2026-02-27,79,0.8208,101943,54.9,1247
mpieniak01_Venom,2026-02-28,79,0.8208,101943,54.9,1247
mpieniak01_Venom,2026-03-01,1,0.0417,107223,78.6,8
mpieniak01_Venom,2026-03-02,1,0.0417,107223,78.6,8
mpieniak01_Venom,2026-03-03,1,0.0417,107223,78.6,8
mpieniak01_Venom,2026-03-04,1,0.0417,107223,78.6,8
mpieniak01_Venom,2026-03-05,1,0.0417,107223,78.6,8
mpieniak01_Venom,2026-03-06,1,0.0417,107223,78.6,8
mpieniak01_Venom,2026-03-07,1,0.0417,107223,78.6,8
mpieniak01_Venom,2026-03-08,1,0.0417,107223,78.6,8
mpieniak01_Venom,2026-03-09,5,0.2188,125999,78.4,2806
mpieniak01_Venom,2026-03-10,5,0.2188,125999,78.4,2806
mpieniak01_Venom,2026-03-11,5,0.2188,125999,78.4,2806
mpieniak01_Venom,2026-03-12,5,0.2188,125999,78.4,2806
mpieniak01_Venom,2026-03-13,5,0.2188,125999,78.4,2806
mpieniak01_Venom,2026-03-14,5,0.2188,125999,78.4,2806
mpieniak01_Venom,2026-03-15,0,0,131676,92.1,5289
mpieniak01_Venom,2026-03-16,0,0,131999,92.1,5304
mpieniak01_Venom,2026-03-17,0,0,132346,92.1,5319
mpieniak01_Venom,2026-03-18,0,0,133226,92.1,5340
mpieniak01_Venom,2026-03-19,0,0,133226,92.1,5340
mpieniak01_Venom,2026-03-20,0,0,133226,92.1,5340
mpieniak01_Venom,2026-03-21,0,0,133226,92.1,5340
mpieniak01_Venom,2026-03-22,0,0,138011,92.2,5366
mpieniak01_Venom,2026-03-23,0,0,138011,92.2,5366
mpieniak01_Venom,2026-03-24,0,0,138011,92.2,5366
mpieniak01_Venom,2026-03-25,0,0,138011,92.2,5366
mpieniak01_Venom,2026-03-26,0,0,138011,92.2,5366
mpieniak01_Venom,2026-03-27,0,0,138011,92.2,5366
mpieniak01_Venom,2026-03-28,0,0,138011,92.2,5366
mpieniak01_Venom,2026-03-29,0,0,138011,92.2,5366
mpieniak01_Venom,2026-03-30,0,0,138011,92.2,5366
mpieniak01_Venom,2026-03-31,0,0,138011,92.2,5366